tg_id,tg_nickname,pk_id,update_at
8305465156439650699,user_29c427c504,1,2025-08-16T00:00:00.000Z
1831884363459782307,user_ce19d4d926,2,2025-09-05T00:00:00.000Z
350691567318077500,user_55986ce6b5,3,2025-09-07T00:00:00.000Z
4433615776648668416,user_a0cc234a65,4,2025-08-18T00:00:00.000Z
4835834526225545679,user_c0449114f5,5,2025-09-07T00:00:00.000Z
4202897285818149231,user_924cb33702,6,2025-08-28T00:00:00.000Z
1943766044994948973,user_762c183b77,7,2025-09-08T00:00:00.000Z
5412533003382804409,user_d3049d870c,8,2025-09-02T00:00:00.000Z
254666374312343607,user_2e8d11bc3f,9,2025-08-25T00:00:00.000Z
1485837356166696513,user_7f865ce64d,10,2025-09-10T00:00:00.000Z
4309967282629011802,user_55a6d33166,11,2025-09-18T00:00:00.000Z
845906281456416504,user_af633514bb,12,2025-06-22T00:00:00.000Z
114395667080142511,user_92588a5c35,13,2025-08-22T00:00:00.000Z
258874248669143964,user_7fb74fcc3b,14,2025-06-23T00:00:00.000Z
1905903937124161611,user_0c29710583,15,2025-07-17T00:00:00.000Z
5326984561517563483,user_ab5cceb566,16,2025-06-27T00:00:00.000Z
1522882014476554901,user_454084b6a1,17,2025-09-06T00:00:00.000Z
@7246212473503780536,user_59e2c7fa41,18,2025-07-24T00:00:00.000Z
4726557279548762678,user_bb5b7c00cf,19,2025-07-20T00:00:00.000Z
2114039827788493913,user_1cedee5a01,20,2025-09-11T00:00:00.000Z
5786727721350193757,@user_84880c934b,21,2025-07-17T00:00:00.000Z
7096777266826933025,user_fa0be3b3dd,22,2025-07-12T00:00:00.000Z
7367247028415502327,user_b57da6be37,23,2025-08-01T00:00:00.000Z
@7897406219779690038,user_5b305f7d3f,24,2025-08-27T00:00:00.000Z
6070090461345818856,user_b6dd4a253e,25,2025-09-10T00:00:00.000Z
2279118774276270386,user_e1b9c63847,26,2025-08-28T00:00:00.000Z
8488599824818249306,user_e53cebd6f1,27,2025-06-25T00:00:00.000Z
5088404754211323549,user_2f4a1ee04f,28,2025-07-25T00:00:00.000Z
8179716957477605508,user_b2cb788c03,29,2025-09-06T00:00:00.000Z
5401513916685153792,user_bc7afdb7ae,30,2025-07-11T00:00:00.000Z
4718555622321988920,user_4064ed3ad8,31,2025-06-25T00:00:00.000Z
227139933603533000,user_4889e21cca,32,2025-08-04T00:00:00.000Z
@1236354135247380913,user_5a000d9880,33,2025-08-08T00:00:00.000Z
2038792667451205961,user_e7e000ebff,34,2025-07-15T00:00:00.000Z
4636408580825459844,@user_dd2b6417f7,35,2025-07-20T00:00:00.000Z
3059641391238520837,user_acda98e124,36,2025-09-07T00:00:00.000Z
1958104824210398526,user_fc412bb1f4,37,2025-08-23T00:00:00.000Z
8886849156896853508,@user_0933581e41,38,2025-09-04T00:00:00.000Z
@@8990034520361904942,user_0f8b187e24,39,2025-06-26T00:00:00.000Z
8386129251319815721,user_6d051552a4,40,2025-08-24T00:00:00.000Z
@@@8222453167356824583,user_8646181b01,41,2025-07-18T00:00:00.000Z
4489332813500271082,user_5e2ed4bd2e,42,2025-07-26T00:00:00.000Z
@@@2390745017757749197,user_620e45d4f0,43,2025-08-15T00:00:00.000Z
8143223603108258547,user_072cac950d,44,2025-07-02T00:00:00.000Z
629090307495376049,user_b296a99a1f,45,2025-09-13T00:00:00.000Z
1483798660572874343,user_a382f730dd,46,2025-08-03T00:00:00.000Z
8380306526083776596,user_a2702ae6f3,47,2025-07-09T00:00:00.000Z
8835919434735172636,user_ac66d8e77b,48,2025-07-27T00:00:00.000Z
4952861177541679120,user_4b2f4546d0,49,2025-09-04T00:00:00.000Z
2872655305440046461,user_890da78472,50,2025-07-28T00:00:00.000Z
1254010346125693604,user_36841dea4e,51,2025-07-16T00:00:00.000Z
4096378939378683338,user_d957aa2065,52,2025-08-02T00:00:00.000Z
2109679857508203033,user_1c72bedbf9,53,2025-06-28T00:00:00.000Z
2659959327107350944,user_f9ec192ab2,54,2025-06-22T00:00:00.000Z
8201583687046614495,user_fceeefe71f,55,2025-07-18T00:00:00.000Z
2673657679960873903,user_3c86307d4c,56,2025-06-24T00:00:00.000Z
831838496452168684,user_a8e9693aae,57,2025-06-21T00:00:00.000Z
5753594025351800377,user_7952409edc,58,2025-08-09T00:00:00.000Z
6612063028420925268,user_0347d2bba2,59,2025-07-26T00:00:00.000Z
1378112854214036398,user_e4833a2ab1,60,2025-08-25T00:00:00.000Z
4433823390729171767,user_08a3c7c9c9,22,2025-08-21T00:00:00.000Z
2117084052902373953,user_2b5d2f5594,23,2025-06-28T00:00:00.000Z
498588691991010154,user_ff1d8844fc,24,2025-07-08T00:00:00.000Z
5802843699683894472,user_ba667d6031,25,2025-09-08T00:00:00.000Z
4258705236442676868,user_43a5567ccf,66,2025-08-30T00:00:00.000Z
4311314702297820235,user_31333e9c10,67,2025-09-11T00:00:00.000Z
